{"AUS":{"Value":20.9393685421},"CAN":{"Value":18.3583398734},"JPN":{"Value":6.6174945389},"KOR":{"Value":10.3247290882},"MEX":{"Value":8.5900044821},"NZL":{"Value":12.9750910189},"TUR":{"Value":8.3436588515},"USA":{"Value":25.8232856465},"DZA":{"Value":3.8935500216},"ARG":{"Value":41.2442750035},"BGD":{"Value":0.8667868856},"BRA":{"Value":26.4675427489},"CHL":{"Value":18.1045851178},"CHN":{"Value":4.0670378893},"COL":{"Value":11.6929154452},"EGY":{"Value":9.320743542},"ETH":{"Value":2.4439387611},"GHA":{"Value":0.8450071801},"HTI":{"Value":3.4291683873},"IND":{"Value":0.5263040815},"IDN":{"Value":1.8693828638},"IRN":{"Value":3.3492048001},"ISR":{"Value":20.0091633663},"KAZ":{"Value":17.2224647397},"MYS":{"Value":5.4457672801},"MOZ":{"Value":0.8307415773},"NGA":{"Value":1.6409363273},"PAK":{"Value":6.3394377056},"PRY":{"Value":25.5217587545},"PER":{"Value":4.7793855294},"PHL":{"Value":2.9461594747},"RUS":{"Value":10.0631807814},"SAU":{"Value":3.8672161387},"ZAF":{"Value":10.977622225},"SDN":{"Value":0.0065116005},"TZA":{"Value":4.0501482287},"THA":{"Value":1.7804798856},"UKR":{"Value":5.80442882},"URY":{"Value":43.1911941101},"VNM":{"Value":10.0873532579},"ZMB":{"Value":9.0432380506},"WLD":{"Value":6.5099420872},"SSA":{"Value":3.0275908675},"OECD":{"Value":14.5374852529},"BRICS":{"Value":4.4558780908},"EU28":{"Value":10.9857613785}}